Workbook

Sheet Instructions
B10: NovaTech GA — Node Volatility Tracker [NVT]
B11: IT Service Desk — Ticket Logging & SLA Tracking System
B13: HELPLINE
B14: NovaTech Service Desk: +27 (0)11 555 0142 (available Mon–Fri, 07:00–19:00)
B15: Critical / system-down incidents: call immediately, in addition to logging a ticket below.
B17: HOW TO LOG A TICKET
B18: 1. | C18: Open the 'Tickets' tab.
B19: 2. | C19: Go to the next blank row and enter the Timestamp, your Name, Department, and a short Description of the issue.
B20: 3. | C20: Select a Request Category from the dropdown. Priority Level and Assigned Technician populate automatically based on the category selected.
B21: 4. | C21: If the auto-filled Priority or Technician is not correct for this specific issue, override it using its dropdown.
B22: 5. | C22: Current Status starts as 'Open' automatically. The Service Desk updates it to 'In Progress' and 'Resolved' as work proceeds.
B23: 6. | C23: Save the workbook. The ticket's SLA countdown, deadline, and status are now tracked automatically on the 'Dashboard' tab.
B25: SYSTEM OPERATING NOTES
B26: Colour key
B27: Yellow fill | C27: Field entered manually (Requester, Department, Category, Description) or by the connected Microsoft Form.
B28: White fill | C28: Automatic field — Incident ID, Priority suggestion, Assigned Technician suggestion, Status default, Target Hours, Deadline, SLA Status, Category Load.
B30: SLA targets
B31: Critical | C31: 2 hours
B32: High | C32: 8 hours
B33: Medium | C33: 24 hours
B34: Low | C34: 48 hours
B36: Category → default Priority / Technician
B37: Network/Connectivity | C37: Critical — S. Naidoo
B38: Account & Access | C38: High — L. Dlamini
B39: Hardware | C39: Medium — R. Botha
B40: Software | C40: Medium — K. van Wyk
B41: Email | C41: Medium — T. Mahlangu
B42: Printer/Peripheral | C42: Low — M. Khumalo
B43: Other | C43: Medium — Unassigned
B45: Category Load flag
B46: STABLE | C46: Category has been logged 0–2 times.
B47: WATCH | C47: Category has been logged 3–5 times — monitor for a recurring root cause.
B48: AT RISK | C48: Category has been logged 6+ times — escalate to the relevant department for investigation.
B50: Row 2 | C50: Worked example — also demonstrates manually overriding an auto-suggested Priority/Status.

Sheet Tickets
A1: Incident ID | B1: Timestamp Submitted | C1: Requester Name | D1: Department | E1: Request Category | F1: Priority Level | G1: Short Description of Issue | H1: Assigned Technician | I1: Current Status | J1: Target Resolution (hrs) | K1: Target Resolution Deadline | L1: Resolved Timestamp | M1: NVT Status | N1: Category Frequency | O1: NVT Flag
A2: ="NT-2026-"&TEXT(ROW()-1,"0000") -> NT-2026-0001 | B2: 46260.385 | C2: Naledi Kekana | D2: Finance | E2: Network/Connectivity | F2: Critical | G2: Cannot connect to VPN, blocking month-end reporting. | H2: S. Naidoo | I2: In Progress | J2: =IF(F2="","",_xlfn.IFS(F2="Critical",2,F2="High",8,F2="Medium",24,F2="Low",48)) -> 2 | K2: =IF(B2="","",B2+(J2/24)) -> 46260.469 | M2: =IF(B2="","",IF(I2="Resolved",IF(L2<=K2,"ON TIME","BREACHED"),IF(NOW()>K2,"BREACHED",IF((K2-NOW())<=(J2/24)*0.25,"AT RISK","ON TIME")))) -> BREACHED | N2: =IF(E2="","",COUNTIF($E$2:$E$50,E2)) -> 1 | O2: =IF(N2="","",IF(N2>=6,"AT RISK",IF(N2>=3,"WATCH","STABLE"))) -> STABLE
A3: ="NT-2026-"&TEXT(ROW()-1,"0000") -> NT-2026-0002 | B3: 46267 | C3: Nhlakanipho Nene | D3: Cybersecurity | E3: Account & Access | F3: =IF(E3="","",_xlfn.IFS(E3="Network/Connectivity","Critical",E3="Account & Access","High",E3="Software","Medium",E3="Hardware","Medium",E3="Email","Medium",E3="Printer/Peripheral","Low",E3="Other","Medium")) -> High | G3: cannot log into my account | H3: =IF(E3="","",_xlfn.IFS(E3="Hardware","R. Botha",E3="Software","K. van Wyk",E3="Network/Connectivity","S. Naidoo",E3="Account & Access","L. Dlamini",E3="Email","T. Mahlangu",E3="Printer/Peripheral","M. Khumalo",E3="Other","Unassigned")) -> L. Dlamini | I3: =IF(B3="","","Open") -> Open | J3: =IF(F3="","",_xlfn.IFS(F3="Critical",2,F3="High",8,F3="Medium",24,F3="Low",48)) -> 8 | K3: =IF(B3="","",B3+(J3/24)) -> 46267.333 | M3: =IF(B3="","",IF(I3="Resolved",IF(L3<=K3,"ON TIME","BREACHED"),IF(NOW()>K3,"BREACHED",IF((K3-NOW())<=(J3/24)*0.25,"AT RISK","ON TIME")))) -> BREACHED | N3: =IF(E3="","",COUNTIF($E$2:$E$50,E3)) -> 1 | O3: =IF(N3="","",IF(N3>=6,"AT RISK",IF(N3>=3,"WATCH","STABLE"))) -> STABLE
A4: ="NT-2026-"&TEXT(ROW()-1,"0000") -> NT-2026-0003 | F4: =IF(E4="","",_xlfn.IFS(E4="Network/Connectivity","Critical",E4="Account & Access","High",E4="Software","Medium",E4="Hardware","Medium",E4="Email","Medium",E4="Printer/Peripheral","Low",E4="Other","Medium")) | H4: =IF(E4="","",_xlfn.IFS(E4="Hardware","R. Botha",E4="Software","K. van Wyk",E4="Network/Connectivity","S. Naidoo",E4="Account & Access","L. Dlamini",E4="Email","T. Mahlangu",E4="Printer/Peripheral","M. Khumalo",E4="Other","Unassigned")) | I4: =IF(B4="","","Open") | J4: =IF(F4="","",_xlfn.IFS(F4="Critical",2,F4="High",8,F4="Medium",24,F4="Low",48)) | K4: =IF(B4="","",B4+(J4/24)) | M4: =IF(B4="","",IF(I4="Resolved",IF(L4<=K4,"ON TIME","BREACHED"),IF(NOW()>K4,"BREACHED",IF((K4-NOW())<=(J4/24)*0.25,"AT RISK","ON TIME")))) | N4: =IF(E4="","",COUNTIF($E$2:$E$50,E4)) | O4: =IF(N4="","",IF(N4>=6,"AT RISK",IF(N4>=3,"WATCH","STABLE")))
A5: ="NT-2026-"&TEXT(ROW()-1,"0000") -> NT-2026-0004 | F5: =IF(E5="","",_xlfn.IFS(E5="Network/Connectivity","Critical",E5="Account & Access","High",E5="Software","Medium",E5="Hardware","Medium",E5="Email","Medium",E5="Printer/Peripheral","Low",E5="Other","Medium")) | H5: =IF(E5="","",_xlfn.IFS(E5="Hardware","R. Botha",E5="Software","K. van Wyk",E5="Network/Connectivity","S. Naidoo",E5="Account & Access","L. Dlamini",E5="Email","T. Mahlangu",E5="Printer/Peripheral","M. Khumalo",E5="Other","Unassigned")) | I5: =IF(B5="","","Open") | J5: =IF(F5="","",_xlfn.IFS(F5="Critical",2,F5="High",8,F5="Medium",24,F5="Low",48)) | K5: =IF(B5="","",B5+(J5/24)) | M5: =IF(B5="","",IF(I5="Resolved",IF(L5<=K5,"ON TIME","BREACHED"),IF(NOW()>K5,"BREACHED",IF((K5-NOW())<=(J5/24)*0.25,"AT RISK","ON TIME")))) | N5: =IF(E5="","",COUNTIF($E$2:$E$50,E5)) | O5: =IF(N5="","",IF(N5>=6,"AT RISK",IF(N5>=3,"WATCH","STABLE")))
A6: ="NT-2026-"&TEXT(ROW()-1,"0000") -> NT-2026-0005 | F6: =IF(E6="","",_xlfn.IFS(E6="Network/Connectivity","Critical",E6="Account & Access","High",E6="Software","Medium",E6="Hardware","Medium",E6="Email","Medium",E6="Printer/Peripheral","Low",E6="Other","Medium")) | H6: =IF(E6="","",_xlfn.IFS(E6="Hardware","R. Botha",E6="Software","K. van Wyk",E6="Network/Connectivity","S. Naidoo",E6="Account & Access","L. Dlamini",E6="Email","T. Mahlangu",E6="Printer/Peripheral","M. Khumalo",E6="Other","Unassigned")) | I6: =IF(B6="","","Open") | J6: =IF(F6="","",_xlfn.IFS(F6="Critical",2,F6="High",8,F6="Medium",24,F6="Low",48)) | K6: =IF(B6="","",B6+(J6/24)) | M6: =IF(B6="","",IF(I6="Resolved",IF(L6<=K6,"ON TIME","BREACHED"),IF(NOW()>K6,"BREACHED",IF((K6-NOW())<=(J6/24)*0.25,"AT RISK","ON TIME")))) | N6: =IF(E6="","",COUNTIF($E$2:$E$50,E6)) | O6: =IF(N6="","",IF(N6>=6,"AT RISK",IF(N6>=3,"WATCH","STABLE")))
A7: ="NT-2026-"&TEXT(ROW()-1,"0000") -> NT-2026-0006 | F7: =IF(E7="","",_xlfn.IFS(E7="Network/Connectivity","Critical",E7="Account & Access","High",E7="Software","Medium",E7="Hardware","Medium",E7="Email","Medium",E7="Printer/Peripheral","Low",E7="Other","Medium")) | H7: =IF(E7="","",_xlfn.IFS(E7="Hardware","R. Botha",E7="Software","K. van Wyk",E7="Network/Connectivity","S. Naidoo",E7="Account & Access","L. Dlamini",E7="Email","T. Mahlangu",E7="Printer/Peripheral","M. Khumalo",E7="Other","Unassigned")) | I7: =IF(B7="","","Open") | J7: =IF(F7="","",_xlfn.IFS(F7="Critical",2,F7="High",8,F7="Medium",24,F7="Low",48)) | K7: =IF(B7="","",B7+(J7/24)) | M7: =IF(B7="","",IF(I7="Resolved",IF(L7<=K7,"ON TIME","BREACHED"),IF(NOW()>K7,"BREACHED",IF((K7-NOW())<=(J7/24)*0.25,"AT RISK","ON TIME")))) | N7: =IF(E7="","",COUNTIF($E$2:$E$50,E7)) | O7: =IF(N7="","",IF(N7>=6,"AT RISK",IF(N7>=3,"WATCH","STABLE")))
A8: ="NT-2026-"&TEXT(ROW()-1,"0000") -> NT-2026-0007 | F8: =IF(E8="","",_xlfn.IFS(E8="Network/Connectivity","Critical",E8="Account & Access","High",E8="Software","Medium",E8="Hardware","Medium",E8="Email","Medium",E8="Printer/Peripheral","Low",E8="Other","Medium")) | H8: =IF(E8="","",_xlfn.IFS(E8="Hardware","R. Botha",E8="Software","K. van Wyk",E8="Network/Connectivity","S. Naidoo",E8="Account & Access","L. Dlamini",E8="Email","T. Mahlangu",E8="Printer/Peripheral","M. Khumalo",E8="Other","Unassigned")) | I8: =IF(B8="","","Open") | J8: =IF(F8="","",_xlfn.IFS(F8="Critical",2,F8="High",8,F8="Medium",24,F8="Low",48)) | K8: =IF(B8="","",B8+(J8/24)) | M8: =IF(B8="","",IF(I8="Resolved",IF(L8<=K8,"ON TIME","BREACHED"),IF(NOW()>K8,"BREACHED",IF((K8-NOW())<=(J8/24)*0.25,"AT RISK","ON TIME")))) | N8: =IF(E8="","",COUNTIF($E$2:$E$50,E8)) | O8: =IF(N8="","",IF(N8>=6,"AT RISK",IF(N8>=3,"WATCH","STABLE")))
A9: ="NT-2026-"&TEXT(ROW()-1,"0000") -> NT-2026-0008 | F9: =IF(E9="","",_xlfn.IFS(E9="Network/Connectivity","Critical",E9="Account & Access","High",E9="Software","Medium",E9="Hardware","Medium",E9="Email","Medium",E9="Printer/Peripheral","Low",E9="Other","Medium")) | H9: =IF(E9="","",_xlfn.IFS(E9="Hardware","R. Botha",E9="Software","K. van Wyk",E9="Network/Connectivity","S. Naidoo",E9="Account & Access","L. Dlamini",E9="Email","T. Mahlangu",E9="Printer/Peripheral","M. Khumalo",E9="Other","Unassigned")) | I9: =IF(B9="","","Open") | J9: =IF(F9="","",_xlfn.IFS(F9="Critical",2,F9="High",8,F9="Medium",24,F9="Low",48)) | K9: =IF(B9="","",B9+(J9/24)) | M9: =IF(B9="","",IF(I9="Resolved",IF(L9<=K9,"ON TIME","BREACHED"),IF(NOW()>K9,"BREACHED",IF((K9-NOW())<=(J9/24)*0.25,"AT RISK","ON TIME")))) | N9: =IF(E9="","",COUNTIF($E$2:$E$50,E9)) | O9: =IF(N9="","",IF(N9>=6,"AT RISK",IF(N9>=3,"WATCH","STABLE")))
A10: ="NT-2026-"&TEXT(ROW()-1,"0000") -> NT-2026-0009 | F10: =IF(E10="","",_xlfn.IFS(E10="Network/Connectivity","Critical",E10="Account & Access","High",E10="Software","Medium",E10="Hardware","Medium",E10="Email","Medium",E10="Printer/Peripheral","Low",E10="Other","Medium")) | H10: =IF(E10="","",_xlfn.IFS(E10="Hardware","R. Botha",E10="Software","K. van Wyk",E10="Network/Connectivity","S. Naidoo",E10="Account & Access","L. Dlamini",E10="Email","T. Mahlangu",E10="Printer/Peripheral","M. Khumalo",E10="Other","Unassigned")) | I10: =IF(B10="","","Open") | J10: =IF(F10="","",_xlfn.IFS(F10="Critical",2,F10="High",8,F10="Medium",24,F10="Low",48)) | K10: =IF(B10="","",B10+(J10/24)) | M10: =IF(B10="","",IF(I10="Resolved",IF(L10<=K10,"ON TIME","BREACHED"),IF(NOW()>K10,"BREACHED",IF((K10-NOW())<=(J10/24)*0.25,"AT RISK","ON TIME")))) | N10: =IF(E10="","",COUNTIF($E$2:$E$50,E10)) | O10: =IF(N10="","",IF(N10>=6,"AT RISK",IF(N10>=3,"WATCH","STABLE")))
A11: ="NT-2026-"&TEXT(ROW()-1,"0000") -> NT-2026-0010 | F11: =IF(E11="","",_xlfn.IFS(E11="Network/Connectivity","Critical",E11="Account & Access","High",E11="Software","Medium",E11="Hardware","Medium",E11="Email","Medium",E11="Printer/Peripheral","Low",E11="Other","Medium")) | H11: =IF(E11="","",_xlfn.IFS(E11="Hardware","R. Botha",E11="Software","K. van Wyk",E11="Network/Connectivity","S. Naidoo",E11="Account & Access","L. Dlamini",E11="Email","T. Mahlangu",E11="Printer/Peripheral","M. Khumalo",E11="Other","Unassigned")) | I11: =IF(B11="","","Open") | J11: =IF(F11="","",_xlfn.IFS(F11="Critical",2,F11="High",8,F11="Medium",24,F11="Low",48)) | K11: =IF(B11="","",B11+(J11/24)) | M11: =IF(B11="","",IF(I11="Resolved",IF(L11<=K11,"ON TIME","BREACHED"),IF(NOW()>K11,"BREACHED",IF((K11-NOW())<=(J11/24)*0.25,"AT RISK","ON TIME")))) | N11: =IF(E11="","",COUNTIF($E$2:$E$50,E11)) | O11: =IF(N11="","",IF(N11>=6,"AT RISK",IF(N11>=3,"WATCH","STABLE")))
A12: ="NT-2026-"&TEXT(ROW()-1,"0000") -> NT-2026-0011 | F12: =IF(E12="","",_xlfn.IFS(E12="Network/Connectivity","Critical",E12="Account & Access","High",E12="Software","Medium",E12="Hardware","Medium",E12="Email","Medium",E12="Printer/Peripheral","Low",E12="Other","Medium")) | H12: =IF(E12="","",_xlfn.IFS(E12="Hardware","R. Botha",E12="Software","K. van Wyk",E12="Network/Connectivity","S. Naidoo",E12="Account & Access","L. Dlamini",E12="Email","T. Mahlangu",E12="Printer/Peripheral","M. Khumalo",E12="Other","Unassigned")) | I12: =IF(B12="","","Open") | J12: =IF(F12="","",_xlfn.IFS(F12="Critical",2,F12="High",8,F12="Medium",24,F12="Low",48)) | K12: =IF(B12="","",B12+(J12/24)) | M12: =IF(B12="","",IF(I12="Resolved",IF(L12<=K12,"ON TIME","BREACHED"),IF(NOW()>K12,"BREACHED",IF((K12-NOW())<=(J12/24)*0.25,"AT RISK","ON TIME")))) | N12: =IF(E12="","",COUNTIF($E$2:$E$50,E12)) | O12: =IF(N12="","",IF(N12>=6,"AT RISK",IF(N12>=3,"WATCH","STABLE")))
A13: ="NT-2026-"&TEXT(ROW()-1,"0000") -> NT-2026-0012 | F13: =IF(E13="","",_xlfn.IFS(E13="Network/Connectivity","Critical",E13="Account & Access","High",E13="Software","Medium",E13="Hardware","Medium",E13="Email","Medium",E13="Printer/Peripheral","Low",E13="Other","Medium")) | H13: =IF(E13="","",_xlfn.IFS(E13="Hardware","R. Botha",E13="Software","K. van Wyk",E13="Network/Connectivity","S. Naidoo",E13="Account & Access","L. Dlamini",E13="Email","T. Mahlangu",E13="Printer/Peripheral","M. Khumalo",E13="Other","Unassigned")) | I13: =IF(B13="","","Open") | J13: =IF(F13="","",_xlfn.IFS(F13="Critical",2,F13="High",8,F13="Medium",24,F13="Low",48)) | K13: =IF(B13="","",B13+(J13/24)) | M13: =IF(B13="","",IF(I13="Resolved",IF(L13<=K13,"ON TIME","BREACHED"),IF(NOW()>K13,"BREACHED",IF((K13-NOW())<=(J13/24)*0.25,"AT RISK","ON TIME")))) | N13: =IF(E13="","",COUNTIF($E$2:$E$50,E13)) | O13: =IF(N13="","",IF(N13>=6,"AT RISK",IF(N13>=3,"WATCH","STABLE")))
A14: ="NT-2026-"&TEXT(ROW()-1,"0000") -> NT-2026-0013 | F14: =IF(E14="","",_xlfn.IFS(E14="Network/Connectivity","Critical",E14="Account & Access","High",E14="Software","Medium",E14="Hardware","Medium",E14="Email","Medium",E14="Printer/Peripheral","Low",E14="Other","Medium")) | H14: =IF(E14="","",_xlfn.IFS(E14="Hardware","R. Botha",E14="Software","K. van Wyk",E14="Network/Connectivity","S. Naidoo",E14="Account & Access","L. Dlamini",E14="Email","T. Mahlangu",E14="Printer/Peripheral","M. Khumalo",E14="Other","Unassigned")) | I14: =IF(B14="","","Open") | J14: =IF(F14="","",_xlfn.IFS(F14="Critical",2,F14="High",8,F14="Medium",24,F14="Low",48)) | K14: =IF(B14="","",B14+(J14/24)) | M14: =IF(B14="","",IF(I14="Resolved",IF(L14<=K14,"ON TIME","BREACHED"),IF(NOW()>K14,"BREACHED",IF((K14-NOW())<=(J14/24)*0.25,"AT RISK","ON TIME")))) | N14: =IF(E14="","",COUNTIF($E$2:$E$50,E14)) | O14: =IF(N14="","",IF(N14>=6,"AT RISK",IF(N14>=3,"WATCH","STABLE")))
A15: ="NT-2026-"&TEXT(ROW()-1,"0000") -> NT-2026-0014 | F15: =IF(E15="","",_xlfn.IFS(E15="Network/Connectivity","Critical",E15="Account & Access","High",E15="Software","Medium",E15="Hardware","Medium",E15="Email","Medium",E15="Printer/Peripheral","Low",E15="Other","Medium")) | H15: =IF(E15="","",_xlfn.IFS(E15="Hardware","R. Botha",E15="Software","K. van Wyk",E15="Network/Connectivity","S. Naidoo",E15="Account & Access","L. Dlamini",E15="Email","T. Mahlangu",E15="Printer/Peripheral","M. Khumalo",E15="Other","Unassigned")) | I15: =IF(B15="","","Open") | J15: =IF(F15="","",_xlfn.IFS(F15="Critical",2,F15="High",8,F15="Medium",24,F15="Low",48)) | K15: =IF(B15="","",B15+(J15/24)) | M15: =IF(B15="","",IF(I15="Resolved",IF(L15<=K15,"ON TIME","BREACHED"),IF(NOW()>K15,"BREACHED",IF((K15-NOW())<=(J15/24)*0.25,"AT RISK","ON TIME")))) | N15: =IF(E15="","",COUNTIF($E$2:$E$50,E15)) | O15: =IF(N15="","",IF(N15>=6,"AT RISK",IF(N15>=3,"WATCH","STABLE")))
... A50: ="NT-2026-"&TEXT(ROW()-1,"0000") -> NT-2026-0049 | F50: =IF(E50="","",_xlfn.IFS(E50="Network/Connectivity","Critical",E50="Account & Access","High",E50="Software","Medium",E50="Hardware","Medium",E50="Email","Medium",E50="Printer/Peripheral","Low",E50="Other","Medium")) | H50: =IF(E50="","",_xlfn.IFS(E50="Hardware","R. Botha",E50="Software","K. van Wyk",E50="Network/Connectivity","S. Naidoo",E50="Account & Access","L. Dlamini",E50="Email","T. Mahlangu",E50="Printer/Peripheral","M. Khumalo",E50="Other","Unassigned")) | I50: =IF(B50="","","Open") | J50: =IF(F50="","",_xlfn.IFS(F50="Critical",2,F50="High",8,F50="Medium",24,F50="Low",48)) | K50: =IF(B50="","",B50+(J50/24)) | M50: =IF(B50="","",IF(I50="Resolved",IF(L50<=K50,"ON TIME","BREACHED"),IF(NOW()>K50,"BREACHED",IF((K50-NOW())<=(J50/24)*0.25,"AT RISK","ON TIME")))) | N50: =IF(E50="","",COUNTIF($E$2:$E$50,E50)) | O50: =IF(N50="","",IF(N50>=6,"AT RISK",IF(N50>=3,"WATCH","STABLE")))

Sheet Dashboard
B2: NovaTech Service Desk — Live Dashboard
B3: All figures below are formulas referencing the 'Tickets' sheet — they update automatically.
B5: OPEN | D5: IN PROGRESS | F5: RESOLVED | H5: TOTAL LOGGED
B6: =COUNTIF(Tickets!I2:I50,"Open") -> 1 | D6: =COUNTIF(Tickets!I2:I50,"In Progress") -> 1 | F6: =COUNTIF(Tickets!I2:I50,"Resolved") -> 0 | H6: =COUNTA(Tickets!A2:A50)-COUNTBLANK(Tickets!B2:B50) -> 2
B9: ON TIME | D9: AT RISK | F9: BREACHED
B10: =COUNTIF(Tickets!M2:M50,"ON TIME") -> 0 | D10: =COUNTIF(Tickets!M2:M50,"AT RISK") -> 0 | F10: =COUNTIF(Tickets!M2:M50,"BREACHED") -> 2
B13: Breaches by Priority
B14: Priority | C14: Total Tickets | D14: Breached
B15: Critical | C15: =COUNTIF(Tickets!F2:F50,"Critical") -> 1 | D15: =COUNTIFS(Tickets!F2:F50,"Critical",Tickets!M2:M50,"BREACHED") -> 1
B16: High | C16: =COUNTIF(Tickets!F2:F50,"High") -> 1 | D16: =COUNTIFS(Tickets!F2:F50,"High",Tickets!M2:M50,"BREACHED") -> 1
B17: Medium | C17: =COUNTIF(Tickets!F2:F50,"Medium") -> 0 | D17: =COUNTIFS(Tickets!F2:F50,"Medium",Tickets!M2:M50,"BREACHED") -> 0
B18: Low | C18: =COUNTIF(Tickets!F2:F50,"Low") -> 0 | D18: =COUNTIFS(Tickets!F2:F50,"Low",Tickets!M2:M50,"BREACHED") -> 0
B19: SLA Status | C19: Count
B20: On Time | C20: =COUNTIF(Tickets!M2:M50,"ON TIME") -> 0
B21: At Risk | C21: =COUNTIF(Tickets!M2:M50,"AT RISK") -> 0
B22: Breached | C22: =COUNTIF(Tickets!M2:M50,"BREACHED") -> 2
B25: Node Volatilty Tracker
B26: Request Category | C26: Times Logged | D26: Load Flag
B27: Hardware | C27: =COUNTIF(Tickets!$E$2:$E$50,"Hardware") -> 0 | D27: =IF(C27>=6,"AT RISK",IF(C27>=3,"WATCH","STABLE")) -> STABLE
B28: Software | C28: =COUNTIF(Tickets!$E$2:$E$50,"Software") -> 0 | D28: =IF(C28>=6,"AT RISK",IF(C28>=3,"WATCH","STABLE")) -> STABLE
B29: Network/Connectivity | C29: =COUNTIF(Tickets!$E$2:$E$50,"Network/Connectivity") -> 1 | D29: =IF(C29>=6,"AT RISK",IF(C29>=3,"WATCH","STABLE")) -> STABLE
B30: Account & Access | C30: =COUNTIF(Tickets!$E$2:$E$50,"Account & Access") -> 1 | D30: =IF(C30>=6,"AT RISK",IF(C30>=3,"WATCH","STABLE")) -> STABLE
B31: Email | C31: =COUNTIF(Tickets!$E$2:$E$50,"Email") -> 0 | D31: =IF(C31>=6,"AT RISK",IF(C31>=3,"WATCH","STABLE")) -> STABLE
B32: Printer/Peripheral | C32: =COUNTIF(Tickets!$E$2:$E$50,"Printer/Peripheral") -> 0 | D32: =IF(C32>=6,"AT RISK",IF(C32>=3,"WATCH","STABLE")) -> STABLE
B33: Other | C33: =COUNTIF(Tickets!$E$2:$E$50,"Other") -> 0 | D33: =IF(C33>=6,"AT RISK",IF(C33>=3,"WATCH","STABLE")) -> STABLE
