Workbook

Sheet Dashboard
B1: NovaTech GA Solutions | IT Support Dashboard
B3: Sample data shown - replace the rows on the Tickets, Hardware and ChangeRequests sheets with live data and everything updates.
B4: CATEGORY | E4: PRIORITY | H4: MONTH | K4: Yellow cells are filters. Category & Priority filter tickets; Month filters tickets, hardware and change requests.
B5: All | E5: All | H5: All
B7: TOTAL TICKETS LOGGED | D7: OPEN / IN PROGRESS | F7: AVG RESOLUTION TIME | H7: HARDWARE REPLACED | J7: CHANGES APPROVED | L7: CHANGES DECLINED
B8: =COUNTIFS(Tickets!$C$2:$C$61,Calc!$B$2,Tickets!$D$2:$D$61,Calc!$B$3,Tickets!$I$2:$I$61,Calc!$B$4) -> 15 | D8: =COUNTIFS(Tickets!$C$2:$C$61,Calc!$B$2,Tickets!$D$2:$D$61,Calc!$B$3,Tickets!$I$2:$I$61,Calc!$B$4,Tickets!$E$2:$E$61,"<>Resolved") -> 3 | F8: =IFERROR(AVERAGEIFS(Tickets!$H$2:$H$61,Tickets!$C$2:$C$61,Calc!$B$2,Tickets!$D$2:$D$61,Calc!$B$3,Tickets!$I$2:$I$61,Calc!$B$4),"n/a") -> 21.125 | H8: =COUNTIFS(Hardware!$E$2:$E$41,"Replaced",Hardware!$F$2:$F$41,Calc!$B$4) -> 2 | J8: =COUNTIFS(ChangeRequests!$F$2:$F$41,"Approved",ChangeRequests!$G$2:$G$41,Calc!$B$4) -> 4 | L8: =COUNTIFS(ChangeRequests!$F$2:$F$41,"Declined",ChangeRequests!$G$2:$G$41,Calc!$B$4) -> 2
B10: Technicians: S. Naidoo (Network & Connectivity) | L. Dlamini (Account & Access) | R. Botha (Hardware) | K. Van Wyk (Software)

Sheet Tickets
A1: Ticket ID | B1: Date Logged | C1: Category | D1: Priority | E1: Status | F1: Assigned Technician | G1: Date Resolved | H1: Resolution Time (hrs) | I1: Month | K1: Columns F, H and I are formulas (pre-filled to row 61). Type or paste new tickets into columns A-E and G.
A2: NVT-0001 | B2: 46209.389 | C2: Network & Connectivity | D2: High | E2: Resolved | F2: =IFERROR(INDEX(Lists!$M$2:$M$5,MATCH($C2,Lists!$A$2:$A$5,0)),"") -> S. Naidoo | G2: 46209.66 | H2: =IF(OR($B2="",$G2=""),"",ROUND(($G2-$B2)*24,1)) -> 6.5 | I2: =IF($B2="","",YEAR($B2)&"-"&TEXT(MONTH($B2),"00")) -> 2026-07
A3: NVT-0002 | B3: 46216.424 | C3: Account & Access | D3: Medium | E3: Resolved | F3: =IFERROR(INDEX(Lists!$M$2:$M$5,MATCH($C3,Lists!$A$2:$A$5,0)),"") -> L. Dlamini | G3: 46216.549 | H3: =IF(OR($B3="",$G3=""),"",ROUND(($G3-$B3)*24,1)) -> 3 | I3: =IF($B3="","",YEAR($B3)&"-"&TEXT(MONTH($B3),"00")) -> 2026-07
A4: NVT-0003 | B4: 46224.361 | C4: Hardware | D4: Medium | E4: Resolved | F4: =IFERROR(INDEX(Lists!$M$2:$M$5,MATCH($C4,Lists!$A$2:$A$5,0)),"") -> R. Botha | G4: 46225.611 | H4: =IF(OR($B4="",$G4=""),"",ROUND(($G4-$B4)*24,1)) -> 30 | I4: =IF($B4="","",YEAR($B4)&"-"&TEXT(MONTH($B4),"00")) -> 2026-07
A5: NVT-0004 | B5: 46232.562 | C5: Software | D5: Low | E5: Resolved | F5: =IFERROR(INDEX(Lists!$M$2:$M$5,MATCH($C5,Lists!$A$2:$A$5,0)),"") -> K. Van Wyk | G5: 46234.729 | H5: =IF(OR($B5="",$G5=""),"",ROUND(($G5-$B5)*24,1)) -> 52 | I5: =IF($B5="","",YEAR($B5)&"-"&TEXT(MONTH($B5),"00")) -> 2026-07
A6: NVT-0005 | B6: 46239.458 | C6: Account & Access | D6: Low | E6: Resolved | F6: =IFERROR(INDEX(Lists!$M$2:$M$5,MATCH($C6,Lists!$A$2:$A$5,0)),"") -> L. Dlamini | G6: 46239.562 | H6: =IF(OR($B6="",$G6=""),"",ROUND(($G6-$B6)*24,1)) -> 2.5 | I6: =IF($B6="","",YEAR($B6)&"-"&TEXT(MONTH($B6),"00")) -> 2026-08
A7: NVT-0006 | B7: 46246.375 | C7: Hardware | D7: High | E7: Resolved | F7: =IFERROR(INDEX(Lists!$M$2:$M$5,MATCH($C7,Lists!$A$2:$A$5,0)),"") -> R. Botha | G7: 46247.25 | H7: =IF(OR($B7="",$G7=""),"",ROUND(($G7-$B7)*24,1)) -> 21 | I7: =IF($B7="","",YEAR($B7)&"-"&TEXT(MONTH($B7),"00")) -> 2026-08
A8: NVT-0007 | B8: 46254.594 | C8: Network & Connectivity | D8: Critical | E8: Resolved | F8: =IFERROR(INDEX(Lists!$M$2:$M$5,MATCH($C8,Lists!$A$2:$A$5,0)),"") -> S. Naidoo | G8: 46254.76 | H8: =IF(OR($B8="",$G8=""),"",ROUND(($G8-$B8)*24,1)) -> 4 | I8: =IF($B8="","",YEAR($B8)&"-"&TEXT(MONTH($B8),"00")) -> 2026-08
A9: NVT-0008 | B9: 46261.438 | C9: Software | D9: Medium | E9: Resolved | F9: =IFERROR(INDEX(Lists!$M$2:$M$5,MATCH($C9,Lists!$A$2:$A$5,0)),"") -> K. Van Wyk | G9: 46262.542 | H9: =IF(OR($B9="",$G9=""),"",ROUND(($G9-$B9)*24,1)) -> 26.5 | I9: =IF($B9="","",YEAR($B9)&"-"&TEXT(MONTH($B9),"00")) -> 2026-08
A10: NVT-0009 | B10: 46268.368 | C10: Hardware | D10: Medium | E10: Resolved | F10: =IFERROR(INDEX(Lists!$M$2:$M$5,MATCH($C10,Lists!$A$2:$A$5,0)),"") -> R. Botha | G10: 46270.201 | H10: =IF(OR($B10="",$G10=""),"",ROUND(($G10-$B10)*24,1)) -> 44 | I10: =IF($B10="","",YEAR($B10)&"-"&TEXT(MONTH($B10),"00")) -> 2026-09
A11: NVT-0010 | B11: 46275.625 | C11: Account & Access | D11: High | E11: Resolved | F11: =IFERROR(INDEX(Lists!$M$2:$M$5,MATCH($C11,Lists!$A$2:$A$5,0)),"") -> L. Dlamini | G11: 46275.833 | H11: =IF(OR($B11="",$G11=""),"",ROUND(($G11-$B11)*24,1)) -> 5 | I11: =IF($B11="","",YEAR($B11)&"-"&TEXT(MONTH($B11),"00")) -> 2026-09
A12: NVT-0011 | B12: 46282.406 | C12: Software | D12: Medium | E12: Resolved | F12: =IFERROR(INDEX(Lists!$M$2:$M$5,MATCH($C12,Lists!$A$2:$A$5,0)),"") -> K. Van Wyk | G12: 46283.198 | H12: =IF(OR($B12="",$G12=""),"",ROUND(($G12-$B12)*24,1)) -> 19 | I12: =IF($B12="","",YEAR($B12)&"-"&TEXT(MONTH($B12),"00")) -> 2026-09
A13: NVT-0012 | B13: 46289.549 | C13: Network & Connectivity | D13: Low | E13: Resolved | F13: =IFERROR(INDEX(Lists!$M$2:$M$5,MATCH($C13,Lists!$A$2:$A$5,0)),"") -> S. Naidoo | G13: 46291.215 | H13: =IF(OR($B13="",$G13=""),"",ROUND(($G13-$B13)*24,1)) -> 40 | I13: =IF($B13="","",YEAR($B13)&"-"&TEXT(MONTH($B13),"00")) -> 2026-09
A14: NVT-0013 | B14: 46300.417 | C14: Hardware | D14: Low | E14: In Progress | F14: =IFERROR(INDEX(Lists!$M$2:$M$5,MATCH($C14,Lists!$A$2:$A$5,0)),"") -> R. Botha | H14: =IF(OR($B14="",$G14=""),"",ROUND(($G14-$B14)*24,1)) | I14: =IF($B14="","",YEAR($B14)&"-"&TEXT(MONTH($B14),"00")) -> 2026-10
A15: NVT-0014 | B15: 46307.549 | C15: Network & Connectivity | D15: Medium | E15: Open | F15: =IFERROR(INDEX(Lists!$M$2:$M$5,MATCH($C15,Lists!$A$2:$A$5,0)),"") -> S. Naidoo | H15: =IF(OR($B15="",$G15=""),"",ROUND(($G15-$B15)*24,1)) | I15: =IF($B15="","",YEAR($B15)&"-"&TEXT(MONTH($B15),"00")) -> 2026-10
A16: NVT-0015 | B16: 46310.396 | C16: Hardware | D16: High | E16: Open | F16: =IFERROR(INDEX(Lists!$M$2:$M$5,MATCH($C16,Lists!$A$2:$A$5,0)),"") -> R. Botha | H16: =IF(OR($B16="",$G16=""),"",ROUND(($G16-$B16)*24,1)) | I16: =IF($B16="","",YEAR($B16)&"-"&TEXT(MONTH($B16),"00")) -> 2026-10
F17: =IFERROR(INDEX(Lists!$M$2:$M$5,MATCH($C17,Lists!$A$2:$A$5,0)),"") | H17: =IF(OR($B17="",$G17=""),"",ROUND(($G17-$B17)*24,1)) | I17: =IF($B17="","",YEAR($B17)&"-"&TEXT(MONTH($B17),"00"))
F18: =IFERROR(INDEX(Lists!$M$2:$M$5,MATCH($C18,Lists!$A$2:$A$5,0)),"") | H18: =IF(OR($B18="",$G18=""),"",ROUND(($G18-$B18)*24,1)) | I18: =IF($B18="","",YEAR($B18)&"-"&TEXT(MONTH($B18),"00"))
F19: =IFERROR(INDEX(Lists!$M$2:$M$5,MATCH($C19,Lists!$A$2:$A$5,0)),"") | H19: =IF(OR($B19="",$G19=""),"",ROUND(($G19-$B19)*24,1)) | I19: =IF($B19="","",YEAR($B19)&"-"&TEXT(MONTH($B19),"00"))
F20: =IFERROR(INDEX(Lists!$M$2:$M$5,MATCH($C20,Lists!$A$2:$A$5,0)),"") | H20: =IF(OR($B20="",$G20=""),"",ROUND(($G20-$B20)*24,1)) | I20: =IF($B20="","",YEAR($B20)&"-"&TEXT(MONTH($B20),"00"))
F21: =IFERROR(INDEX(Lists!$M$2:$M$5,MATCH($C21,Lists!$A$2:$A$5,0)),"") | H21: =IF(OR($B21="",$G21=""),"",ROUND(($G21-$B21)*24,1)) | I21: =IF($B21="","",YEAR($B21)&"-"&TEXT(MONTH($B21),"00"))
F22: =IFERROR(INDEX(Lists!$M$2:$M$5,MATCH($C22,Lists!$A$2:$A$5,0)),"") | H22: =IF(OR($B22="",$G22=""),"",ROUND(($G22-$B22)*24,1)) | I22: =IF($B22="","",YEAR($B22)&"-"&TEXT(MONTH($B22),"00"))
F23: =IFERROR(INDEX(Lists!$M$2:$M$5,MATCH($C23,Lists!$A$2:$A$5,0)),"") | H23: =IF(OR($B23="",$G23=""),"",ROUND(($G23-$B23)*24,1)) | I23: =IF($B23="","",YEAR($B23)&"-"&TEXT(MONTH($B23),"00"))
F24: =IFERROR(INDEX(Lists!$M$2:$M$5,MATCH($C24,Lists!$A$2:$A$5,0)),"") | H24: =IF(OR($B24="",$G24=""),"",ROUND(($G24-$B24)*24,1)) | I24: =IF($B24="","",YEAR($B24)&"-"&TEXT(MONTH($B24),"00"))
F25: =IFERROR(INDEX(Lists!$M$2:$M$5,MATCH($C25,Lists!$A$2:$A$5,0)),"") | H25: =IF(OR($B25="",$G25=""),"",ROUND(($G25-$B25)*24,1)) | I25: =IF($B25="","",YEAR($B25)&"-"&TEXT(MONTH($B25),"00"))
F26: =IFERROR(INDEX(Lists!$M$2:$M$5,MATCH($C26,Lists!$A$2:$A$5,0)),"") | H26: =IF(OR($B26="",$G26=""),"",ROUND(($G26-$B26)*24,1)) | I26: =IF($B26="","",YEAR($B26)&"-"&TEXT(MONTH($B26),"00"))
F27: =IFERROR(INDEX(Lists!$M$2:$M$5,MATCH($C27,Lists!$A$2:$A$5,0)),"") | H27: =IF(OR($B27="",$G27=""),"",ROUND(($G27-$B27)*24,1)) | I27: =IF($B27="","",YEAR($B27)&"-"&TEXT(MONTH($B27),"00"))
F28: =IFERROR(INDEX(Lists!$M$2:$M$5,MATCH($C28,Lists!$A$2:$A$5,0)),"") | H28: =IF(OR($B28="",$G28=""),"",ROUND(($G28-$B28)*24,1)) | I28: =IF($B28="","",YEAR($B28)&"-"&TEXT(MONTH($B28),"00"))
... F61: =IFERROR(INDEX(Lists!$M$2:$M$5,MATCH($C61,Lists!$A$2:$A$5,0)),"") | H61: =IF(OR($B61="",$G61=""),"",ROUND(($G61-$B61)*24,1)) | I61: =IF($B61="","",YEAR($B61)&"-"&TEXT(MONTH($B61),"00"))

Sheet Hardware
A1: Record ID | B1: Date | C1: Ticket ID | D1: Item Type | E1: Outcome | F1: Month
A2: HW-001 | B2: 46224 | C2: NVT-0003 | D2: Laptop | E2: Replaced | F2: =IF($B2="","",YEAR($B2)&"-"&TEXT(MONTH($B2),"00")) -> 2026-07
A3: HW-002 | B3: 46246 | C3: NVT-0006 | D3: Monitor | E3: Replaced | F3: =IF($B3="","",YEAR($B3)&"-"&TEXT(MONTH($B3),"00")) -> 2026-08
A4: HW-003 | B4: 46268 | C4: NVT-0009 | D4: Laptop | E4: Repaired | F4: =IF($B4="","",YEAR($B4)&"-"&TEXT(MONTH($B4),"00")) -> 2026-09
A5: HW-004 | B5: 46300 | C5: NVT-0013 | D5: Keyboard / Mouse | E5: Pending | F5: =IF($B5="","",YEAR($B5)&"-"&TEXT(MONTH($B5),"00")) -> 2026-10
A6: HW-005 | B6: 46310 | C6: NVT-0015 | D6: Desktop | E6: Pending | F6: =IF($B6="","",YEAR($B6)&"-"&TEXT(MONTH($B6),"00")) -> 2026-10
F7: =IF($B7="","",YEAR($B7)&"-"&TEXT(MONTH($B7),"00"))
F8: =IF($B8="","",YEAR($B8)&"-"&TEXT(MONTH($B8),"00"))
F9: =IF($B9="","",YEAR($B9)&"-"&TEXT(MONTH($B9),"00"))
F10: =IF($B10="","",YEAR($B10)&"-"&TEXT(MONTH($B10),"00"))
F11: =IF($B11="","",YEAR($B11)&"-"&TEXT(MONTH($B11),"00"))
F12: =IF($B12="","",YEAR($B12)&"-"&TEXT(MONTH($B12),"00"))
F13: =IF($B13="","",YEAR($B13)&"-"&TEXT(MONTH($B13),"00"))
F14: =IF($B14="","",YEAR($B14)&"-"&TEXT(MONTH($B14),"00"))
F15: =IF($B15="","",YEAR($B15)&"-"&TEXT(MONTH($B15),"00"))
F16: =IF($B16="","",YEAR($B16)&"-"&TEXT(MONTH($B16),"00"))
F17: =IF($B17="","",YEAR($B17)&"-"&TEXT(MONTH($B17),"00"))
F18: =IF($B18="","",YEAR($B18)&"-"&TEXT(MONTH($B18),"00"))
... F41: =IF($B41="","",YEAR($B41)&"-"&TEXT(MONTH($B41),"00"))

Sheet ChangeRequests
A1: CR ID | B1: Date Submitted | C1: Change Title | D1: Change Type | E1: Department | F1: Decision | G1: Month
A2: CR-001 | B2: 46211 | C2: Upgrade office Wi-Fi access points | D2: Normal | E2: IT | F2: Approved | G2: =IF($B2="","",YEAR($B2)&"-"&TEXT(MONTH($B2),"00")) -> 2026-07
A3: CR-002 | B3: 46225 | C3: Roll out multi-factor authentication | D3: Standard | E3: IT | F3: Approved | G3: =IF($B3="","",YEAR($B3)&"-"&TEXT(MONTH($B3),"00")) -> 2026-07
A4: CR-003 | B4: 46240 | C4: Allow personal USB storage devices | D4: Normal | E4: Sales | F4: Declined | G4: =IF($B4="","",YEAR($B4)&"-"&TEXT(MONTH($B4),"00")) -> 2026-08
A5: CR-004 | B5: 46259 | C5: Migrate shared drive to cloud storage | D5: Normal | E5: Operations | F5: Approved | G5: =IF($B5="","",YEAR($B5)&"-"&TEXT(MONTH($B5),"00")) -> 2026-08
A6: CR-005 | B6: 46274 | C6: Replace ageing laptops | D6: Standard | E6: Finance | F6: Approved | G6: =IF($B6="","",YEAR($B6)&"-"&TEXT(MONTH($B6),"00")) -> 2026-09
A7: CR-006 | B7: 46288 | C7: Reduce helpdesk working hours | D7: Normal | E7: HR | F7: Declined | G7: =IF($B7="","",YEAR($B7)&"-"&TEXT(MONTH($B7),"00")) -> 2026-09
A8: CR-007 | B8: 46301 | C8: Install new VPN client | D8: Standard | E8: Operations | F8: Pending | G8: =IF($B8="","",YEAR($B8)&"-"&TEXT(MONTH($B8),"00")) -> 2026-10
A9: CR-008 | B9: 46308 | C9: Upgrade accounting software | D9: Normal | E9: Finance | F9: Pending | G9: =IF($B9="","",YEAR($B9)&"-"&TEXT(MONTH($B9),"00")) -> 2026-10
G10: =IF($B10="","",YEAR($B10)&"-"&TEXT(MONTH($B10),"00"))
G11: =IF($B11="","",YEAR($B11)&"-"&TEXT(MONTH($B11),"00"))
G12: =IF($B12="","",YEAR($B12)&"-"&TEXT(MONTH($B12),"00"))
G13: =IF($B13="","",YEAR($B13)&"-"&TEXT(MONTH($B13),"00"))
G14: =IF($B14="","",YEAR($B14)&"-"&TEXT(MONTH($B14),"00"))
G15: =IF($B15="","",YEAR($B15)&"-"&TEXT(MONTH($B15),"00"))
G16: =IF($B16="","",YEAR($B16)&"-"&TEXT(MONTH($B16),"00"))
G17: =IF($B17="","",YEAR($B17)&"-"&TEXT(MONTH($B17),"00"))
G18: =IF($B18="","",YEAR($B18)&"-"&TEXT(MONTH($B18),"00"))
G19: =IF($B19="","",YEAR($B19)&"-"&TEXT(MONTH($B19),"00"))
G20: =IF($B20="","",YEAR($B20)&"-"&TEXT(MONTH($B20),"00"))
G21: =IF($B21="","",YEAR($B21)&"-"&TEXT(MONTH($B21),"00"))
... G41: =IF($B41="","",YEAR($B41)&"-"&TEXT(MONTH($B41),"00"))

Sheet Calc
A1: Chart data & filter criteria (formulas - do not overwrite)
A2: Category criterion | B2: =IF(Dashboard!$B$5="All","*",Dashboard!$B$5) -> *
A3: Priority criterion | B3: =IF(Dashboard!$E$5="All","*",Dashboard!$E$5) -> *
A4: Month criterion | B4: =IF(Dashboard!$H$5="All","*",Dashboard!$H$5) -> *
A7: Category | B7: Tickets | C7: Avg resolution (hrs) | D7: Chart label
A8: Network & Connectivity | B8: =COUNTIFS(Tickets!$C$2:$C$61,$A8,Tickets!$D$2:$D$61,$B$3,Tickets!$I$2:$I$61,$B$4) -> 4 | C8: =IFERROR(ROUND(AVERAGEIFS(Tickets!$H$2:$H$61,Tickets!$C$2:$C$61,$A8,Tickets!$D$2:$D$61,$B$3,Tickets!$I$2:$I$61,$B$4),1),0) -> 16.8 | D8: =Lists!$M$2 -> S. Naidoo
A9: Account & Access | B9: =COUNTIFS(Tickets!$C$2:$C$61,$A9,Tickets!$D$2:$D$61,$B$3,Tickets!$I$2:$I$61,$B$4) -> 3 | C9: =IFERROR(ROUND(AVERAGEIFS(Tickets!$H$2:$H$61,Tickets!$C$2:$C$61,$A9,Tickets!$D$2:$D$61,$B$3,Tickets!$I$2:$I$61,$B$4),1),0) -> 3.5 | D9: =Lists!$M$3 -> L. Dlamini
A10: Hardware | B10: =COUNTIFS(Tickets!$C$2:$C$61,$A10,Tickets!$D$2:$D$61,$B$3,Tickets!$I$2:$I$61,$B$4) -> 5 | C10: =IFERROR(ROUND(AVERAGEIFS(Tickets!$H$2:$H$61,Tickets!$C$2:$C$61,$A10,Tickets!$D$2:$D$61,$B$3,Tickets!$I$2:$I$61,$B$4),1),0) -> 31.7 | D10: =Lists!$M$4 -> R. Botha
A11: Software | B11: =COUNTIFS(Tickets!$C$2:$C$61,$A11,Tickets!$D$2:$D$61,$B$3,Tickets!$I$2:$I$61,$B$4) -> 3 | C11: =IFERROR(ROUND(AVERAGEIFS(Tickets!$H$2:$H$61,Tickets!$C$2:$C$61,$A11,Tickets!$D$2:$D$61,$B$3,Tickets!$I$2:$I$61,$B$4),1),0) -> 32.5 | D11: =Lists!$M$5 -> K. Van Wyk
A17: Month (trend ignores Month filter) | B17: Tickets
A18: 2026-07 | B18: =COUNTIFS(Tickets!$I$2:$I$61,$A18,Tickets!$C$2:$C$61,$B$2,Tickets!$D$2:$D$61,$B$3) -> 4
A19: 2026-08 | B19: =COUNTIFS(Tickets!$I$2:$I$61,$A19,Tickets!$C$2:$C$61,$B$2,Tickets!$D$2:$D$61,$B$3) -> 4
A20: 2026-09 | B20: =COUNTIFS(Tickets!$I$2:$I$61,$A20,Tickets!$C$2:$C$61,$B$2,Tickets!$D$2:$D$61,$B$3) -> 4
A21: 2026-10 | B21: =COUNTIFS(Tickets!$I$2:$I$61,$A21,Tickets!$C$2:$C$61,$B$2,Tickets!$D$2:$D$61,$B$3) -> 3
A25: Priority (ignores Priority filter) | B25: Tickets
A26: Low | B26: =COUNTIFS(Tickets!$D$2:$D$61,$A26,Tickets!$C$2:$C$61,$B$2,Tickets!$I$2:$I$61,$B$4) -> 4
A27: Medium | B27: =COUNTIFS(Tickets!$D$2:$D$61,$A27,Tickets!$C$2:$C$61,$B$2,Tickets!$I$2:$I$61,$B$4) -> 6
A28: High | B28: =COUNTIFS(Tickets!$D$2:$D$61,$A28,Tickets!$C$2:$C$61,$B$2,Tickets!$I$2:$I$61,$B$4) -> 4
A29: Critical | B29: =COUNTIFS(Tickets!$D$2:$D$61,$A29,Tickets!$C$2:$C$61,$B$2,Tickets!$I$2:$I$61,$B$4) -> 1
A31: Hardware item | B31: Replaced | C31: Repaired | D31: Pending
A32: Laptop | B32: =COUNTIFS(Hardware!$D$2:$D$41,$A32,Hardware!$E$2:$E$41,B$31,Hardware!$F$2:$F$41,$B$4) -> 1 | C32: =COUNTIFS(Hardware!$D$2:$D$41,$A32,Hardware!$E$2:$E$41,C$31,Hardware!$F$2:$F$41,$B$4) -> 1 | D32: =COUNTIFS(Hardware!$D$2:$D$41,$A32,Hardware!$E$2:$E$41,D$31,Hardware!$F$2:$F$41,$B$4) -> 0
A33: Desktop | B33: =COUNTIFS(Hardware!$D$2:$D$41,$A33,Hardware!$E$2:$E$41,B$31,Hardware!$F$2:$F$41,$B$4) -> 0 | C33: =COUNTIFS(Hardware!$D$2:$D$41,$A33,Hardware!$E$2:$E$41,C$31,Hardware!$F$2:$F$41,$B$4) -> 0 | D33: =COUNTIFS(Hardware!$D$2:$D$41,$A33,Hardware!$E$2:$E$41,D$31,Hardware!$F$2:$F$41,$B$4) -> 1
A34: Monitor | B34: =COUNTIFS(Hardware!$D$2:$D$41,$A34,Hardware!$E$2:$E$41,B$31,Hardware!$F$2:$F$41,$B$4) -> 1 | C34: =COUNTIFS(Hardware!$D$2:$D$41,$A34,Hardware!$E$2:$E$41,C$31,Hardware!$F$2:$F$41,$B$4) -> 0 | D34: =COUNTIFS(Hardware!$D$2:$D$41,$A34,Hardware!$E$2:$E$41,D$31,Hardware!$F$2:$F$41,$B$4) -> 0
A35: Keyboard / Mouse | B35: =COUNTIFS(Hardware!$D$2:$D$41,$A35,Hardware!$E$2:$E$41,B$31,Hardware!$F$2:$F$41,$B$4) -> 0 | C35: =COUNTIFS(Hardware!$D$2:$D$41,$A35,Hardware!$E$2:$E$41,C$31,Hardware!$F$2:$F$41,$B$4) -> 0 | D35: =COUNTIFS(Hardware!$D$2:$D$41,$A35,Hardware!$E$2:$E$41,D$31,Hardware!$F$2:$F$41,$B$4) -> 1
A36: Printer | B36: =COUNTIFS(Hardware!$D$2:$D$41,$A36,Hardware!$E$2:$E$41,B$31,Hardware!$F$2:$F$41,$B$4) -> 0 | C36: =COUNTIFS(Hardware!$D$2:$D$41,$A36,Hardware!$E$2:$E$41,C$31,Hardware!$F$2:$F$41,$B$4) -> 0 | D36: =COUNTIFS(Hardware!$D$2:$D$41,$A36,Hardware!$E$2:$E$41,D$31,Hardware!$F$2:$F$41,$B$4) -> 0
A41: Change decision | B41: Requests
A42: Approved | B42: =COUNTIFS(ChangeRequests!$F$2:$F$41,$A42,ChangeRequests!$G$2:$G$41,$B$4) -> 4
A43: Declined | B43: =COUNTIFS(ChangeRequests!$F$2:$F$41,$A43,ChangeRequests!$G$2:$G$41,$B$4) -> 2
A44: Pending | B44: =COUNTIFS(ChangeRequests!$F$2:$F$41,$A44,ChangeRequests!$G$2:$G$41,$B$4) -> 2

Sheet Lists
A1: Category / Department | B1: Priority | C1: Status | D1: Month | E1: Hardware item | F1: Hardware outcome | G1: CR decision | I1: Category filter | J1: Priority filter | K1: Month filter | M1: Technician (same row as category)
A2: Network & Connectivity | B2: Low | C2: Open | D2: 2026-07 | E2: Laptop | F2: Replaced | G2: Approved | I2: All | J2: All | K2: All | M2: S. Naidoo
A3: Account & Access | B3: Medium | C3: In Progress | D3: 2026-08 | E3: Desktop | F3: Repaired | G3: Declined | I3: Network & Connectivity | J3: Low | K3: 2026-07 | M3: L. Dlamini
A4: Hardware | B4: High | C4: Resolved | D4: 2026-09 | E4: Monitor | F4: Pending | G4: Pending | I4: Account & Access | J4: Medium | K4: 2026-08 | M4: R. Botha
A5: Software | B5: Critical | D5: 2026-10 | E5: Keyboard / Mouse | I5: Hardware | J5: High | K5: 2026-09 | M5: K. Van Wyk
E6: Printer | I6: Software | J6: Critical | K6: 2026-10

Sheet Guide
A1: How to use this workbook
A2: 1. Dashboard: pick a Category, Priority and/or Month in the yellow cells. All KPIs and charts update.
A3: 2. Tickets / Hardware / ChangeRequests: the data. All rows currently contain SAMPLE data (15 tickets, 5 hardware records, 8 change requests) - overwrite with your own.
A4: 3. Tickets column F (technician) is looked up from the category using the table on the Lists sheet: S. Naidoo - Network & Connectivity, L. Dlamini - Account & Access, R. Botha - Hardware, K. Van Wyk - Software.
A5: 4. Tickets columns F, H, I, Hardware column F and ChangeRequests column G are formulas, pre-filled below the sample rows. Do not overwrite.
A6: 5. Resolution time = Date Resolved minus Date Logged, in hours. Only resolved tickets are averaged.
A7: 6. Export to PDF: File > Export > PDF (the Dashboard sheet is set to print on one page).
A8: 7. Optional real slicers: Insert > PivotTable on the Tickets range, then Insert > Slicer. The dropdown filters on the Dashboard work without this.
